id,name,num_tasks,parent_ids,details,submission_time,completion_time,failure_reason
0,parquet at NativeMethodAccessorImpl.java:0,1,[],"org.apache.spark.sql.DataFrameReader.parquet(DataFrameReader.scala:563)
java.base/jdk.internal.reflect.NativeMethodAccessorImpl.invoke0(Native Method)
java.base/jdk.internal.reflect.NativeMethodAccessorImpl.invoke(NativeMethodAccessorImpl.java:77)
java.base/jdk.internal.reflect.DelegatingMethodAccessorImpl.invoke(DelegatingMethodAccessorImpl.java:43)
java.base/java.lang.reflect.Method.invoke(Method.java:569)
py4j.reflection.MethodInvoker.invoke(MethodInvoker.java:244)
py4j.reflection.ReflectionEngine.invoke(ReflectionEngine.java:374)
py4j.Gateway.invoke(Gateway.java:282)
py4j.commands.AbstractCommand.invokeMethod(AbstractCommand.java:132)
py4j.commands.CallCommand.execute(CallCommand.java:79)
py4j.ClientServerConnection.waitForCommands(ClientServerConnection.java:182)
py4j.ClientServerConnection.run(ClientServerConnection.java:106)
java.base/java.lang.Thread.run(Thread.java:840)",1763628529482,1763628530925,
1,parquet at NativeMethodAccessorImpl.java:0,1,[],"org.apache.spark.sql.DataFrameReader.parquet(DataFrameReader.scala:563)
java.base/jdk.internal.reflect.NativeMethodAccessorImpl.invoke0(Native Method)
java.base/jdk.internal.reflect.NativeMethodAccessorImpl.invoke(NativeMethodAccessorImpl.java:77)
java.base/jdk.internal.reflect.DelegatingMethodAccessorImpl.invoke(DelegatingMethodAccessorImpl.java:43)
java.base/java.lang.reflect.Method.invoke(Method.java:569)
py4j.reflection.MethodInvoker.invoke(MethodInvoker.java:244)
py4j.reflection.ReflectionEngine.invoke(ReflectionEngine.java:374)
py4j.Gateway.invoke(Gateway.java:282)
py4j.commands.AbstractCommand.invokeMethod(AbstractCommand.java:132)
py4j.commands.CallCommand.execute(CallCommand.java:79)
py4j.ClientServerConnection.waitForCommands(ClientServerConnection.java:182)
py4j.ClientServerConnection.run(ClientServerConnection.java:106)
java.base/java.lang.Thread.run(Thread.java:840)",1763628531691,1763628531771,
2,parquet at NativeMethodAccessorImpl.java:0,1,[],"org.apache.spark.sql.DataFrameReader.parquet(DataFrameReader.scala:563)
java.base/jdk.internal.reflect.NativeMethodAccessorImpl.invoke0(Native Method)
java.base/jdk.internal.reflect.NativeMethodAccessorImpl.invoke(NativeMethodAccessorImpl.java:77)
java.base/jdk.internal.reflect.DelegatingMethodAccessorImpl.invoke(DelegatingMethodAccessorImpl.java:43)
java.base/java.lang.reflect.Method.invoke(Method.java:569)
py4j.reflection.MethodInvoker.invoke(MethodInvoker.java:244)
py4j.reflection.ReflectionEngine.invoke(ReflectionEngine.java:374)
py4j.Gateway.invoke(Gateway.java:282)
py4j.commands.AbstractCommand.invokeMethod(AbstractCommand.java:132)
py4j.commands.CallCommand.execute(CallCommand.java:79)
py4j.ClientServerConnection.waitForCommands(ClientServerConnection.java:182)
py4j.ClientServerConnection.run(ClientServerConnection.java:106)
java.base/java.lang.Thread.run(Thread.java:840)",1763628531832,1763628531945,
3,parquet at NativeMethodAccessorImpl.java:0,1,[],"org.apache.spark.sql.DataFrameReader.parquet(DataFrameReader.scala:563)
java.base/jdk.internal.reflect.NativeMethodAccessorImpl.invoke0(Native Method)
java.base/jdk.internal.reflect.NativeMethodAccessorImpl.invoke(NativeMethodAccessorImpl.java:77)
java.base/jdk.internal.reflect.DelegatingMethodAccessorImpl.invoke(DelegatingMethodAccessorImpl.java:43)
java.base/java.lang.reflect.Method.invoke(Method.java:569)
py4j.reflection.MethodInvoker.invoke(MethodInvoker.java:244)
py4j.reflection.ReflectionEngine.invoke(ReflectionEngine.java:374)
py4j.Gateway.invoke(Gateway.java:282)
py4j.commands.AbstractCommand.invokeMethod(AbstractCommand.java:132)
py4j.commands.CallCommand.execute(CallCommand.java:79)
py4j.ClientServerConnection.waitForCommands(ClientServerConnection.java:182)
py4j.ClientServerConnection.run(ClientServerConnection.java:106)
java.base/java.lang.Thread.run(Thread.java:840)",1763628532046,1763628532082,
4,parquet at NativeMethodAccessorImpl.java:0,1,[],"org.apache.spark.sql.DataFrameReader.parquet(DataFrameReader.scala:563)
java.base/jdk.internal.reflect.NativeMethodAccessorImpl.invoke0(Native Method)
java.base/jdk.internal.reflect.NativeMethodAccessorImpl.invoke(NativeMethodAccessorImpl.java:77)
java.base/jdk.internal.reflect.DelegatingMethodAccessorImpl.invoke(DelegatingMethodAccessorImpl.java:43)
java.base/java.lang.reflect.Method.invoke(Method.java:569)
py4j.reflection.MethodInvoker.invoke(MethodInvoker.java:244)
py4j.reflection.ReflectionEngine.invoke(ReflectionEngine.java:374)
py4j.Gateway.invoke(Gateway.java:282)
py4j.commands.AbstractCommand.invokeMethod(AbstractCommand.java:132)
py4j.commands.CallCommand.execute(CallCommand.java:79)
py4j.ClientServerConnection.waitForCommands(ClientServerConnection.java:182)
py4j.ClientServerConnection.run(ClientServerConnection.java:106)
java.base/java.lang.Thread.run(Thread.java:840)",1763628532147,1763628532197,
5,parquet at NativeMethodAccessorImpl.java:0,1,[],"org.apache.spark.sql.DataFrameReader.parquet(DataFrameReader.scala:563)
java.base/jdk.internal.reflect.NativeMethodAccessorImpl.invoke0(Native Method)
java.base/jdk.internal.reflect.NativeMethodAccessorImpl.invoke(NativeMethodAccessorImpl.java:77)
java.base/jdk.internal.reflect.DelegatingMethodAccessorImpl.invoke(DelegatingMethodAccessorImpl.java:43)
java.base/java.lang.reflect.Method.invoke(Method.java:569)
py4j.reflection.MethodInvoker.invoke(MethodInvoker.java:244)
py4j.reflection.ReflectionEngine.invoke(ReflectionEngine.java:374)
py4j.Gateway.invoke(Gateway.java:282)
py4j.commands.AbstractCommand.invokeMethod(AbstractCommand.java:132)
py4j.commands.CallCommand.execute(CallCommand.java:79)
py4j.ClientServerConnection.waitForCommands(ClientServerConnection.java:182)
py4j.ClientServerConnection.run(ClientServerConnection.java:106)
java.base/java.lang.Thread.run(Thread.java:840)",1763628532278,1763628532341,
6,parquet at NativeMethodAccessorImpl.java:0,1,[],"org.apache.spark.sql.DataFrameReader.parquet(DataFrameReader.scala:563)
java.base/jdk.internal.reflect.NativeMethodAccessorImpl.invoke0(Native Method)
java.base/jdk.internal.reflect.NativeMethodAccessorImpl.invoke(NativeMethodAccessorImpl.java:77)
java.base/jdk.internal.reflect.DelegatingMethodAccessorImpl.invoke(DelegatingMethodAccessorImpl.java:43)
java.base/java.lang.reflect.Method.invoke(Method.java:569)
py4j.reflection.MethodInvoker.invoke(MethodInvoker.java:244)
py4j.reflection.ReflectionEngine.invoke(ReflectionEngine.java:374)
py4j.Gateway.invoke(Gateway.java:282)
py4j.commands.AbstractCommand.invokeMethod(AbstractCommand.java:132)
py4j.commands.CallCommand.execute(CallCommand.java:79)
py4j.ClientServerConnection.waitForCommands(ClientServerConnection.java:182)
py4j.ClientServerConnection.run(ClientServerConnection.java:106)
java.base/java.lang.Thread.run(Thread.java:840)",1763628532396,1763628532431,
7,parquet at NativeMethodAccessorImpl.java:0,1,[],"org.apache.spark.sql.DataFrameReader.parquet(DataFrameReader.scala:563)
java.base/jdk.internal.reflect.NativeMethodAccessorImpl.invoke0(Native Method)
java.base/jdk.internal.reflect.NativeMethodAccessorImpl.invoke(NativeMethodAccessorImpl.java:77)
java.base/jdk.internal.reflect.DelegatingMethodAccessorImpl.invoke(DelegatingMethodAccessorImpl.java:43)
java.base/java.lang.reflect.Method.invoke(Method.java:569)
py4j.reflection.MethodInvoker.invoke(MethodInvoker.java:244)
py4j.reflection.ReflectionEngine.invoke(ReflectionEngine.java:374)
py4j.Gateway.invoke(Gateway.java:282)
py4j.commands.AbstractCommand.invokeMethod(AbstractCommand.java:132)
py4j.commands.CallCommand.execute(CallCommand.java:79)
py4j.ClientServerConnection.waitForCommands(ClientServerConnection.java:182)
py4j.ClientServerConnection.run(ClientServerConnection.java:106)
java.base/java.lang.Thread.run(Thread.java:840)",1763628532500,1763628532547,
8,javaToPython at NativeMethodAccessorImpl.java:0,4,[],"org.apache.spark.sql.Dataset.javaToPython(Dataset.scala:4140)
java.base/jdk.internal.reflect.NativeMethodAccessorImpl.invoke0(Native Method)
java.base/jdk.internal.reflect.NativeMethodAccessorImpl.invoke(NativeMethodAccessorImpl.java:77)
java.base/jdk.internal.reflect.DelegatingMethodAccessorImpl.invoke(DelegatingMethodAccessorImpl.java:43)
java.base/java.lang.reflect.Method.invoke(Method.java:569)
py4j.reflection.MethodInvoker.invoke(MethodInvoker.java:244)
py4j.reflection.ReflectionEngine.invoke(ReflectionEngine.java:374)
py4j.Gateway.invoke(Gateway.java:282)
py4j.commands.AbstractCommand.invokeMethod(AbstractCommand.java:132)
py4j.commands.CallCommand.execute(CallCommand.java:79)
py4j.ClientServerConnection.waitForCommands(ClientServerConnection.java:182)
py4j.ClientServerConnection.run(ClientServerConnection.java:106)
java.base/java.lang.Thread.run(Thread.java:840)",1763628534519,1763628536271,
10,foreach at /app/engines/pyspark/queries/exec.py:144,1,[9],"org.apache.spark.rdd.RDD.collect(RDD.scala:1048)
org.apache.spark.api.python.PythonRDD$.collectAndServe(PythonRDD.scala:195)
org.apache.spark.api.python.PythonRDD.collectAndServe(PythonRDD.scala)
java.base/jdk.internal.reflect.NativeMethodAccessorImpl.invoke0(Native Method)
java.base/jdk.internal.reflect.NativeMethodAccessorImpl.invoke(NativeMethodAccessorImpl.java:77)
java.base/jdk.internal.reflect.DelegatingMethodAccessorImpl.invoke(DelegatingMethodAccessorImpl.java:43)
java.base/java.lang.reflect.Method.invoke(Method.java:569)
py4j.reflection.MethodInvoker.invoke(MethodInvoker.java:244)
py4j.reflection.ReflectionEngine.invoke(ReflectionEngine.java:374)
py4j.Gateway.invoke(Gateway.java:282)
py4j.commands.AbstractCommand.invokeMethod(AbstractCommand.java:132)
py4j.commands.CallCommand.execute(CallCommand.java:79)
py4j.ClientServerConnection.waitForCommands(ClientServerConnection.java:182)
py4j.ClientServerConnection.run(ClientServerConnection.java:106)
java.base/java.lang.Thread.run(Thread.java:840)",1763628536349,1763628537337,
11,showString at NativeMethodAccessorImpl.java:0,4,[],"org.apache.spark.sql.Dataset.showString(Dataset.scala:315)
java.base/jdk.internal.reflect.NativeMethodAccessorImpl.invoke0(Native Method)
java.base/jdk.internal.reflect.NativeMethodAccessorImpl.invoke(NativeMethodAccessorImpl.java:77)
java.base/jdk.internal.reflect.DelegatingMethodAccessorImpl.invoke(DelegatingMethodAccessorImpl.java:43)
java.base/java.lang.reflect.Method.invoke(Method.java:569)
py4j.reflection.MethodInvoker.invoke(MethodInvoker.java:244)
py4j.reflection.ReflectionEngine.invoke(ReflectionEngine.java:374)
py4j.Gateway.invoke(Gateway.java:282)
py4j.commands.AbstractCommand.invokeMethod(AbstractCommand.java:132)
py4j.commands.CallCommand.execute(CallCommand.java:79)
py4j.ClientServerConnection.waitForCommands(ClientServerConnection.java:182)
py4j.ClientServerConnection.run(ClientServerConnection.java:106)
java.base/java.lang.Thread.run(Thread.java:840)",1763628537454,1763628537692,
13,showString at NativeMethodAccessorImpl.java:0,1,[12],"org.apache.spark.sql.Dataset.showString(Dataset.scala:315)
java.base/jdk.internal.reflect.NativeMethodAccessorImpl.invoke0(Native Method)
java.base/jdk.internal.reflect.NativeMethodAccessorImpl.invoke(NativeMethodAccessorImpl.java:77)
java.base/jdk.internal.reflect.DelegatingMethodAccessorImpl.invoke(DelegatingMethodAccessorImpl.java:43)
java.base/java.lang.reflect.Method.invoke(Method.java:569)
py4j.reflection.MethodInvoker.invoke(MethodInvoker.java:244)
py4j.reflection.ReflectionEngine.invoke(ReflectionEngine.java:374)
py4j.Gateway.invoke(Gateway.java:282)
py4j.commands.AbstractCommand.invokeMethod(AbstractCommand.java:132)
py4j.commands.CallCommand.execute(CallCommand.java:79)
py4j.ClientServerConnection.waitForCommands(ClientServerConnection.java:182)
py4j.ClientServerConnection.run(ClientServerConnection.java:106)
java.base/java.lang.Thread.run(Thread.java:840)",1763628537725,1763628537841,
